first_name,last_name,account_number,username,password
Nasra,Myoud,865786,nasramy,tr45DeR
Alastair ,Gill,867538,alastill,ag72Doos
Katerina ,Fields,532904,katfie,hoi32Bk
Lisa,O'Brien,690258,lisobr,bap70LB
Christina,Terry,159269,christer,terchr2H
Crystal,Taylor,702719,tayc,taycr01V
Sylvia,Quinn,260704,sqsqnn,sv02SeJ
Adriana,Wong,409278,adrwo,ta14zOO
Josh,Roy,502697,joshrrr,qo99VJR
Tracy,Walker,189425,walktrace,vs07TwJ
Keisha,Peters,862907,keishhp,KE50kp
Alice,Rivera,207607,aliceriver,Al48Riv
